35160;9603500009
35170;9603500009
35180;9603500009
35190;9603500009
35200;9603500009
35210;9603500009
35220;9603500009
35240;9603500009
35260;9603500009
35280;9603500009
EX251;9603500009
EX252;9603500009
EX280;9603500009
EX281;9603500009
EX282;9603500009
EX284;9603500009
EX300;9603500009
EX301;9603500009
EX304;9603500009
EX305;9603500009
EX306;9603500009
EX307;9603500009
EX308;9603500009
EX309;9603500009
EX310;9603500009
EX330;9603500009
EX333;9603500009
EX334;9603500009
EX350;9603500009
EX351;9603500009
EX353;9603500009
EX354;9603500009
EX355;9603500009
EX356;9603500009
EX380;9603500009
EX400;9603500009
EX402;9603500009
EX404;9603500009
FX350;9603500009
FX380;9603500009
FX400;9603500009
FX430;9603500009
FX450;9603500009
FX480;9603500009
FX500;9603500009
FX530;9603500009
FX550;9603500009
FX580;9603500009
FX600;9603500009
FX650;9603500009
FX700;9603500009
FX730;9603500009
FX750;9603500009
FX800;9603500009
NF350A;9603500009
NF400;9603500009
NF450;9603500009
NF480;9603500009
NF500;9603500009
NF530;9603500009
NF550;9603500009
NF600;9603500009
NF650;9603500009
TF350L;9603500009
TF400L;9603500009
TF430L;9603500009
TF450L;9603500009
TF480L;9603500009
TF500L;9603500009
TF530L;9603500009
TF550L;9603500009
TF600L;9603500009
TF650L;9603500009
TF700L;9603500009
